{"cameraMode":{"drawMode":0,"name":"Shaded","section":"Shading Mode"},"sceneLighting":true,"audioPlay":false,"sceneViewState":{"showFog":true,"showMaterialUpdate":false,"showSkybox":true,"showFlares":true,"showImageEffects":true,"showParticleSystems":true},"in2DMode":false,"pivot":{"x":263.2496032714844,"y":-108.75210571289063,"z":45.52983093261719},"rotation":{"x":-0.10977663099765778,"y":-0.8518065214157105,"z":0.19792670011520387,"w":-0.47244030237197878},"size":422.7183837890625,"orthographic":false}